keyword,wedge,etsy_avg_searches,etsy_competition,top10_review_counts,notes
svg bundle,incumbents are broad clipart bundles; ship SVG bundles for laser-engraved wedding signage with editable text layers and cut guides,,,,
budget planner printable,incumbents are generic monthly budget sheets; ship a paycheck-to-paycheck biweekly budget planner with variable income columns and zero-based allocation built in,,,,
habit tracker printable,incumbents are generic daily checkboxes; ship a science-backed habit stacking planner with cue-routine-reward architecture and weekly reflection prompts,,,,
real estate agent transaction tracker,incumbents are generic transaction checklists; ship a buyer-and-seller dual-pipeline tracker with automated commission split calculator and milestone deadline logic,,,,
freelancer client onboarding template,"incumbents are generic freelancer kits; ship a niche-specific AI prompt-powered onboarding suite for freelance copywriters with client intake, scope-lock, and revision-limit docs",,,,
photographer pricing guide template,"incumbents are generic pricing guides; ship a photographer pricing calculator spreadsheet with tiered package builder, profit-margin tracker, and client-facing PDF export",,,,
virtual assistant business kit,"incumbents are generic VA branding kits; ship a done-for-you AI-powered VA business operations kit with SOPs, client onboarding docs, and service pricing calculators",,,,
wedding day timeline template,"incumbents are generic bride-focused timelines; ship a vendor-coordinated wedding day timeline with separate color-coded tracks for photographer, caterer, DJ, and wedding party",,,,
adhd weekly planner notion,"incumbents are broad ADHD planners; ship a Notion template built specifically for ADHD freelancers with client-task chunking, hyperfocus session blocks, and invoice-reminder triggers",,,,
